"Key","Issue Type","Summary","Status","Created","Resolution","Resolved","Analytics & KPI","Approved BY Project Owner","Archived","Closed","Content Management","Design","Developed","DISCARDED","Done","FA In Progress","FA Released","In analisi","In Progress","In Review","In Test","IT - in Staging","IT - Production","IT - Ready","IT - Validato in Prep","Notified","Open","Proposal Approved","Proposed","QA approved","Ready For Acceptance Test","Ready for PROD","Selected for Development","Test In Progress","Tested","To Do","Under Review","Total","'->Analytics & KPI","'->Approved BY Project Owner","'->Archived","'->Closed","'->Content Management","'->Design","'->Developed","'->DISCARDED","'->Done","'->FA In Progress","'->FA Released","'->In analisi","'->In Progress","'->In Review","'->In Test","'->IT - in Staging","'->IT - Production","'->IT - Ready","'->IT - Validato in Prep","'->Notified","'->Open","'->Proposal Approved","'->Proposed","'->QA approved","'->Ready For Acceptance Test","'->Ready for PROD","'->Selected for Development","'->Test In Progress","'->Tested","'->To Do","'->Under Review","#Analytics & KPI","#Approved BY Project Owner","#Archived","#Closed","#Content Management","#Design","#Developed","#DISCARDED","#Done","#FA In Progress","#FA Released","#In analisi","#In Progress","#In Review","#In Test","#IT - in Staging","#IT - Production","#IT - Ready","#IT - Validato in Prep","#Notified","#Open","#Proposal Approved","#Proposed","#QA approved","#Ready For Acceptance Test","#Ready for PROD","#Selected for Development","#Test In Progress","#Tested","#To Do","#Under Review"
"PRJ-1001","Bug","Web forms - sanitize carriage returns from notes field on front end","Done","2023-02-28 15:13","Resolved","2023-03-09 09:46","-","-","-","-","-","-","-","-","1,308.31","-","-","0.00","0.00","-","-","6.99","1.00","0.00","0.00","-","-","-","-","-","-","-","-","-","-","0.79","-","1,317.08","","","","","","","","","2023-03-09 09:46,2026-01-26 17:09","","","2023-03-01 10:03","2023-03-01 10:03","","","2023-03-01 10:03","2023-03-08 09:48","2023-03-01 10:03","2023-03-08 09:44","","","","","","","","","","","2023-02-28 15:13","","0","0","0","0","0","0","0","0","2","0","0","1","1","0","0","1","1","1","1","0","0","0","0","0","0","0","0","0","0","1","0"
"PRJ-1002","Task","Menu overlap on mobile - fix button position","Done","2025-06-10 15:48","Done","2025-07-18 10:17","-","-","-","-","-","-","-","29.00","446.33","-","-","-","-","-","-","-","-","-","-","-","-","-","-","-","-","-","-","-","-","8.77","-","484.10","","","","","","","","2025-06-18 15:05","2025-07-18 10:17,2026-01-26 17:18","","","","","","","","","","","","","","","","","","","","","2025-06-10 15:48,2025-06-16 14:43,2025-07-17 15:12","","0","0","0","0","0","0","0","1","2","0","0","0","0","0","0","0","0","0","0","0","0","0","0","0","0","0","0","0","0","3","0"
"PRJ-1003","Task","Update style of interactive input fields","Done","2025-06-16 10:52","Done","2025-07-21 10:12","-","-","-","-","-","-","30.97","-","364.34","-","-","-","34.03","-","-","-","-","-","-","-","-","-","-","-","-","-","-","48.02","-","0.94","-","478.30","","","","","","","2025-07-21 10:12","","2025-10-08 09:59,2026-01-26 17:15","","","","2025-06-17 09:28","","","","","","","","","","","","","","","2025-08-21 09:24","","2025-06-16 10:52","","0","0","0","0","0","0","1","0","2","0","0","0","1","0","0","0","0","0","0","0","0","0","0","0","0","0","0","1","0","1","0"
"PRJ-1004","Task","New rewards component","Done","2025-04-10 14:38","Done","2025-07-23 11:08","-","-","-","-","-","0.00","-","0.00","441.11","-","-","-","17.04","-","-","-","-","-","-","-","-","-","-","-","18.69","0.18","-","-","0.05","68.07","-","545.15","","","","","","2025-06-11 15:09","","2025-05-15 14:53","2025-07-23 15:26,2026-01-26 17:20","","","","2025-06-17 16:18,2025-07-16 15:21","","","","","","","","","","","","2025-07-03 17:38,2025-07-17 16:20","2025-07-23 11:08","","","2025-07-17 15:05","2025-04-10 14:38,2025-05-15 14:52,2025-05-15 14:53,2025-06-11 15:10","","0","0","0","0","0","1","0","1","2","0","0","0","2","0","0","0","0","0","0","0","0","0","0","0","2","1","0","0","1","4","0"
"PRJ-1005","Task","Create landing page for product disclaimer","Done","2025-05-07 11:34","Done","2025-07-23 13:45","-","-","-","-","-","-","-","71.13","441.18","-","-","-","-","-","-","-","-","-","-","-","-","-","-","-","-","-","-","-","-","5.96","-","518.28","","","","","","","","2025-05-07 11:59","2025-07-23 13:45,2026-01-26 17:17","","","","","","","","","","","","","","","","","","","","","2025-05-07 11:34,2025-07-17 15:12","","0","0","0","0","0","0","0","1","2","0","0","0","0","0","0","0","0","0","0","0","0","0","0","0","0","0","0","0","0","2","0"
"PRJ-1006","Task","Breadcrumb component - editor how-to","Done","2025-05-13 09:41","Done","2025-07-23 13:46","-","-","-","-","-","-","-","64.10","441.18","-","-","-","-","-","-","-","-","-","-","-","-","-","-","-","-","-","-","-","-","7.07","-","512.35","","","","","","","","2025-05-14 12:46","2025-07-23 13:46,2026-01-26 17:18","","","","","","","","","","","","","","","","","","","","","2025-05-13 09:41,2025-07-17 15:12","","0","0","0","0","0","0","0","1","2","0","0","0","0","0","0","0","0","0","0","0","0","0","0","0","0","0","0","0","0","2","0"
"PRJ-1007","Task","Upgrade UI framework to latest minor version","Done","2025-07-23 10:16","Done","2025-07-23 16:49","-","-","-","-","-","-","-","-","441.06","-","-","-","0.27","-","-","-","-","-","-","-","-","-","-","-","-","-","-","-","-","0.00","-","441.33","","","","","","","","","2025-07-23 16:49,2026-01-26 17:18","","","","2025-07-23 10:16","","","","","","","","","","","","","","","","","2025-07-23 10:16","","0","0","0","0","0","0","0","0","2","0","0","0","1","0","0","0","0","0","0","0","0","0","0","0","0","0","0","0","0","1","0"
"PRJ-1008","Task","Booking form - demo request and thank-you page","Done","2025-07-15 09:44","Done","2025-07-25 11:15","-","-","-","-","-","-","0.18","-","434.17","-","-","-","1.17","-","-","-","-","-","-","-","-","-","-","-","2.71","5.13","-","0.00","0.00","5.99","-","449.35","","","","","","","2025-07-22 13:57","","2025-07-17 16:39,2025-07-30 14:26,2026-01-26 17:18","","","","2025-07-21 09:46,2025-07-21 10:13","","","","","","","","","","","","2025-07-22 18:11","2025-07-25 11:15","","2025-07-22 18:11","2025-07-22 18:11","2025-07-15 09:44,2025-07-17 16:57,2025-07-21 10:13","","0","0","0","0","0","0","1","0","3","0","0","0","2","0","0","0","0","0","0","0","0","0","0","0","1","1","0","1","1","3","0"
"PRJ-1009","Task","Customer data census - profile upgrade steps","Done","2025-06-25 18:12","Done","2025-07-29 09:33","-","-","-","-","-","-","49.05","-","331.30","-","-","-","29.00","-","-","-","-","-","-","-","-","-","-","-","35.05","-","-","19.96","-","4.64","-","469.00","","","","","","","2025-07-29 09:33","","2025-11-10 09:53,2026-01-26 17:15","","","","2025-06-30 09:40","","","","","","","","","","","","2025-10-06 09:48","","","2025-09-16 10:48","","2025-06-25 18:12","","0","0","0","0","0","0","1","0","2","0","0","0","1","0","0","0","0","0","0","0","0","0","0","0","1","0","0","1","0","1","0"
"PRJ-1010","Task","Onboarding - implement activation pending step","Done","2025-07-07 12:20","Done","2025-07-29 10:27","-","-","-","-","-","-","104.00","-","175.26","-","-","-","21.92","-","-","-","-","-","-","-","-","-","-","-","139.04","-","-","17.01","-","0.00","-","457.24","","","","","","","2025-07-29 10:27","","2026-04-15 11:49","","","","2025-07-07 12:23","","","","","","","","","","","","2025-11-27 09:52","","","2025-11-10 09:31","","2025-07-07 12:20","","0","0","0","0","0","0","1","0","1","0","0","0","1","0","0","0","0","0","0","0","0","0","0","0","1","0","0","1","0","1","0"
"PRJ-1011","Task","Onboarding - implement digital signature step","Done","2025-07-08 09:53","Done","2025-07-29 10:27","-","-","-","-","-","-","104.00","-","175.26","-","-","-","20.72","-","-","-","-","-","-","-","-","-","-","-","139.04","-","-","17.01","-","0.30","-","456.35","","","","","","","2025-07-29 10:27","","2026-04-15 11:49","","","","2025-07-08 17:07","","","","","","","","","","","","2025-11-27 09:53","","","2025-11-10 09:31","","2025-07-08 09:53","","0","0","0","0","0","0","1","0","1","0","0","0","1","0","0","0","0","0","0","0","0","0","0","0","1","0","0","1","0","1","0"
"PRJ-1012","Task","Onboarding - update personal data step","Done","2025-07-08 12:07","Done","2025-07-29 10:27","-","-","-","-","-","-","104.00","-","175.26","-","-","-","20.75","-","-","-","-","-","-","-","-","-","-","-","139.04","-","-","17.01","-","0.18","-","456.25","","","","","","","2025-07-29 10:27","","2026-04-15 11:49","","","","2025-07-08 16:20","","","","","","","","","","","","2025-11-27 09:51","","","2025-11-10 09:31","","2025-07-08 12:07","","0","0","0","0","0","0","1","0","1","0","0","0","1","0","0","0","0","0","0","0","0","0","0","0","1","0","0","1","0","1","0"
"PRJ-1013","Task","Onboarding - update additional personal data step","Done","2025-07-08 12:10","Done","2025-07-29 10:27","-","-","-","-","-","-","104.00","-","175.26","-","-","-","20.75","-","-","-","-","-","-","-","-","-","-","-","139.04","-","-","17.01","-","0.17","-","456.25","","","","","","","2025-07-29 10:27","","2026-04-15 11:50","","","","2025-07-08 16:20","","","","","","","","","","","","2025-11-27 09:52","","","2025-11-10 09:31","","2025-07-08 12:10","","0","0","0","0","0","0","1","0","1","0","0","0","1","0","0","0","0","0","0","0","0","0","0","0","1","0","0","1","0","1","0"
"PRJ-1014","Task","Onboarding - update address step","Done","2025-07-08 12:12","Done","2025-07-29 10:28","-","-","-","-","-","-","104.00","-","175.26","-","-","-","20.78","-","-","-","-","-","-","-","-","-","-","-","139.04","-","-","17.01","-","0.15","-","456.25","","","","","","","2025-07-29 10:28","","2026-04-15 11:50","","","","2025-07-08 15:41","","","","","","","","","","","","2025-11-27 09:53","","","2025-11-10 09:31","","2025-07-08 12:12","","0","0","0","0","0","0","1","0","1","0","0","0","1","0","0","0","0","0","0","0","0","0","0","0","1","0","0","1","0","1","0"
"PRJ-1015","Task","Onboarding - update employment details step","Done","2025-07-15 16:59","Done","2025-07-29 10:28","-","-","-","-","-","-","104.00","-","175.26","-","-","-","13.01","-","-","-","-","-","-","-","-","-","-","-","139.04","-","-","17.01","-","0.72","-","449.05","","","","","","","2025-07-29 10:28","","2026-04-15 11:50","","","","2025-07-16 10:14","","","","","","","","","","","","2025-11-27 09:51","","","2025-11-10 09:31","","2025-07-15 16:59","","0","0","0","0","0","0","1","0","1","0","0","0","1","0","0","0","0","0","0","0","0","0","0","0","1","0","0","1","0","1","0"
"PRJ-1016","Task","Onboarding - update information recap step","Done","2025-07-08 12:14","Done","2025-07-29 10:28","-","-","-","-","-","-","104.00","-","175.26","-","-","-","20.74","-","-","-","-","-","-","-","-","-","-","-","139.04","-","-","17.01","-","0.18","-","456.25","","","","","","","2025-07-29 10:28","","2026-04-15 11:50","","","","2025-07-08 16:38,2025-07-10 09:40","","","","","","","","","","","","2025-11-27 09:51","","","2025-11-10 09:31","","2025-07-08 12:14,2025-07-10 09:40","","0","0","0","0","0","0","1","0","1","0","0","0","2","0","0","0","0","0","0","0","0","0","0","0","1","0","0","1","0","2","0"
"PRJ-1017","Task","Onboarding - update source of funds step","Done","2025-07-15 17:00","Done","2025-07-29 10:28","-","-","-","-","-","-","104.00","-","175.26","-","-","-","13.72","-","-","-","-","-","-","-","-","-","-","-","139.04","-","-","17.01","-","0.00","-","449.05","","","","","","","2025-07-29 10:28","","2026-04-15 11:50","","","","2025-07-15 17:04","","","","","","","","","","","","2025-11-27 09:52","","","2025-11-10 09:31","","2025-07-15 17:00","","0","0","0","0","0","0","1","0","1","0","0","0","1","0","0","0","0","0","0","0","0","0","0","0","1","0","0","1","0","1","0"
"PRJ-1018","Task","Onboarding - maintenance page screen","Done","2025-07-24 10:39","Done","2025-07-29 10:28","-","-","-","-","-","-","104.00","-","175.26","-","-","-","4.05","-","-","-","-","-","-","-","-","-","-","-","139.04","-","-","17.01","-","0.94","-","440.31","","","","","","","2025-07-29 10:28","","2026-04-15 11:50","","","","2025-07-25 09:13","","","","","","","","","","","","2025-11-27 09:52","","","2025-11-10 09:31","","2025-07-24 10:39","","0","0","0","0","0","0","1","0","1","0","0","0","1","0","0","0","0","0","0","0","0","0","0","0","1","0","0","1","0","1","0"
"PRJ-1019","Task","Onboarding - update additional personal data fields","Done","2025-07-25 10:52","Done","2025-07-29 10:29","-","-","-","-","-","-","104.00","-","175.26","-","-","-","3.95","-","-","-","-","-","-","-","-","-","-","-","139.04","-","-","17.01","-","0.04","-","439.30","","","","","","","2025-07-29 10:29","","2026-04-15 11:50","","","","2025-07-25 11:47","","","","","","","","","","","","2025-11-27 09:51","","","2025-11-10 09:31","","2025-07-25 10:52","","0","0","0","0","0","0","1","0","1","0","0","0","1","0","0","0","0","0","0","0","0","0","0","0","1","0","0","1","0","1","0"
"PRJ-1020","Task","Onboarding - rename signature step","Done","2025-07-28 14:54","Done","2025-07-29 10:29","-","-","-","-","-","-","104.00","-","175.26","-","-","-","0.82","-","-","-","-","-","-","-","-","-","-","-","139.04","-","-","17.01","-","0.00","-","436.14","","","","","","","2025-07-29 10:29","","2026-04-15 11:51","","","","2025-07-28 14:55","","","","","","","","","","","","2025-11-27 09:50","","","2025-11-10 09:31","","2025-07-28 14:54","","0","0","0","0","0","0","1","0","1","0","0","0","1","0","0","0","0","0","0","0","0","0","0","0","1","0","0","1","0","1","0"
"PRJ-1021","Task","Onboarding - update employment details (variant B)","Done","2025-07-25 10:31","Unresolved","2025-07-29 15:57","-","-","-","-","-","-","103.77","-","175.26","-","-","-","1.16","-","-","-","-","-","-","-","-","-","-","-","139.04","-","-","17.01","-","3.06","-","439.32","","","","","","","2025-07-29 15:57","","2026-04-15 11:50","","","","2025-07-28 12:00","","","","","","","","","","","","2025-11-27 09:52","","","2025-11-10 09:31","","2025-07-25 10:31","","0","0","0","0","0","0","1","0","1","0","0","0","1","0","0","0","0","0","0","0","0","0","0","0","1","0","0","1","0","1","0"
"PRJ-1022","Task","Trading portal - change contact form field","Done","2025-07-08 15:59","Done","2025-07-30 14:26","-","-","-","-","-","-","0.18","-","434.17","-","-","-","0.83","-","-","-","-","-","-","-","-","-","-","-","7.68","0.17","-","0.00","0.00","13.07","-","456.09","","","","","","","2025-07-22 13:54","","2025-07-17 16:39,2025-07-30 14:26,2026-01-26 17:19","","","","2025-07-21 18:04","","","","","","","","","","","","2025-07-22 18:11","2025-07-30 10:26","","2025-07-22 18:10","2025-07-22 18:11","2025-07-08 15:59,2025-07-17 16:57","","0","0","0","0","0","0","1","0","3","0","0","0","1","0","0","0","0","0","0","0","0","0","0","0","1","1","0","1","1","2","0"
"PRJ-1023","Task","Prefill flow - add marital status mapping to service case calls","Done","2025-07-30 12:17","Done","2025-07-31 07:21","-","-","-","-","-","-","0.00","-","421.35","-","-","-","0.00","-","-","-","-","-","-","-","-","-","-","-","12.10","-","-","0.00","0.00","0.79","-","434.24","","","","","","","2025-07-31 07:21","","2025-08-12 09:52,2026-01-26 17:20","","","","2025-07-31 07:21","","","","","","","","","","","","2025-07-31 07:22","","","2025-07-31 07:21","2025-07-31 07:22","2025-07-30 12:17","","0","0","0","0","0","0","1","0","2","0","0","0","1","0","0","0","0","0","0","0","0","0","0","0","1","0","0","1","1","1","0"
"PRJ-1024","Task","Prefill flow - send success notification and close case instead of manual retry","Done","2025-07-24 09:51","Done","2025-07-31 07:25","-","-","-","-","-","-","0.00","-","421.35","-","-","-","0.00","-","-","-","-","-","-","-","-","-","-","-","12.10","-","-","0.00","0.00","6.90","-","440.35","","","","","","","2025-07-31 07:25","","2025-08-12 09:52,2026-01-26 17:16","","","","2025-07-31 07:24","","","","","","","","","","","","2025-07-31 07:25","","","2025-07-31 07:25","2025-07-31 07:25","2025-07-24 09:51","","0","0","0","0","0","0","1","0","2","0","0","0","1","0","0","0","0","0","0","0","0","0","0","0","1","0","0","1","1","1","0"
"PRJ-1025","Task","Onboarding - fix zip generation for bot","Done","2025-07-31 07:26","Done","2025-07-31 07:26","-","-","-","-","-","-","0.00","-","421.35","-","-","-","0.00","-","-","-","-","-","-","-","-","-","-","-","12.10","-","-","0.00","0.00","0.00","-","433.45","","","","","","","2025-07-31 07:26","","2025-08-12 09:52,2026-01-26 17:17","","","","2025-07-31 07:26","","","","","","","","","","","","2025-07-31 07:26","","","2025-07-31 07:26","2025-07-31 07:26","2025-07-31 07:26","","0","0","0","0","0","0","1","0","2","0","0","0","1","0","0","0","0","0","0","0","0","0","0","0","1","0","0","1","1","1","0"
"PRJ-1026","Task","Keep campaign id when language is switched","Done","2024-11-07 10:46","Done","2025-08-05 13:37","-","-","-","-","-","-","-","-","427.30","-","-","-","5.63","-","0.05","20.24","-","0.13","-","-","-","-","-","0.00","244.83","0.89","-","-","-","0.20","-","699.27","","","","","","","","","2025-08-06 11:02,2026-01-26 17:19","","","","2024-11-07 18:40","","2024-11-13 09:48","2024-11-13 10:59","","2024-11-07 15:34","","","","","","2024-11-13 10:59","2024-12-03 16:46,2025-08-05 13:37","2025-08-05 13:36,2025-08-05 13:37","","","","2024-11-07 10:46","","0","0","0","0","0","0","0","0","2","0","0","0","1","0","1","1","0","1","0","0","0","0","0","1","2","2","0","0","0","1","0"
"PRJ-1027","Task","Cross-sell flow - wrong phone number handling","Done","2025-06-18 09:13","Done","2025-08-06 15:01","-","-","-","-","-","-","5.76","-","400.05","-","-","-","44.17","-","-","-","-","-","-","-","-","-","-","-","21.32","0.00","-","-","-","5.07","-","476.37","","","","","","","2025-08-06 15:01","","2025-09-02 16:58,2026-01-26 17:17","","","","2025-06-23 10:55","","","","","","","","","","","","2025-08-12 09:20","2025-09-02 16:56","","","","2025-06-18 09:13","","0","0","0","0","0","0","1","0","2","0","0","0","1","0","0","0","0","0","0","0","0","0","0","0","1","1","0","0","0","1","0"
"PRJ-1028","Task","Updates to card panel component","Done","2025-07-16 11:49","Done","2025-08-06 15:14","-","-","-","-","-","-","-","-","421.31","-","-","-","5.11","-","-","-","-","-","-","-","-","-","-","-","14.13","5.81","-","-","-","1.91","-","448.26","","","","","","","","","2025-08-12 10:42,2026-01-26 17:17","","","","2025-07-18 09:32,2025-07-18 09:36","","","","","","","","","","","","2025-07-23 12:13","2025-08-06 15:14","","","","2025-07-16 11:49,2025-07-18 09:32","","0","0","0","0","0","0","0","0","2","0","0","0","2","0","0","0","0","0","0","0","0","0","0","0","1","1","0","0","0","2","0"
"PRJ-1029","Task","Channel selector for the onboarding engine","Done","2025-08-06 14:59","Done","2025-08-07 10:02","-","-","-","-","-","-","4.97","-","400.05","-","-","-","0.77","-","-","-","-","-","-","-","-","-","-","-","21.32","0.00","-","-","-","0.03","-","427.13","","","","","","","2025-08-07 10:02","","2025-09-02 16:58,2026-01-26 17:18","","","","2025-08-06 15:38","","","","","","","","","","","","2025-08-12 09:20","2025-09-02 16:58","","","","2025-08-06 14:59","","0","0","0","0","0","0","1","0","2","0","0","0","1","0","0","0","0","0","0","0","0","0","0","0","1","1","0","0","0","1","0"
"PRJ-1030","Task","Onboarding - add tax residence step","To Do","2026-09-25 14:09","Unresolved","","-","-","-","-","-","-","-","-","-","-","-","-","-","-","-","-","-","-","-","-","-","-","-","-","-","-","-","-","-","12.16","-","12.16","","","","","","","","","","","","","","","","","","","","","","","","","","","","","","2026-09-25 14:09","","0","0","0","0","0","0","0","0","0","0","0","0","0","0","0","0","0","0","0","0","0","0","0","0","0","0","0","0","0","1","0"
"PRJ-1031","Task","Landing page - new hero banner for autumn campaign","To Do","2026-09-02 15:41","Unresolved","","-","-","-","-","-","-","-","-","-","-","-","-","-","-","-","-","-","-","-","-","-","-","-","-","-","-","-","-","-","35.10","-","35.10","","","","","","","","","","","","","","","","","","","","","","","","","","","","","","2026-09-02 15:41","","0","0","0","0","0","0","0","0","0","0","0","0","0","0","0","0","0","0","0","0","0","0","0","0","0","0","0","0","0","1","0"
"PRJ-1032","Bug","Booking form - date picker shows wrong week start","To Do","2026-10-01 09:04","Unresolved","","-","-","-","-","-","-","-","-","-","-","-","-","-","-","-","-","-","-","-","-","-","-","-","-","-","-","-","-","-","6.37","-","6.37","","","","","","","","","","","","","","","","","","","","","","","","","","","","","","2026-10-01 09:04","","0","0","0","0","0","0","0","0","0","0","0","0","0","0","0","0","0","0","0","0","0","0","0","0","0","0","0","0","0","1","0"
"PRJ-1033","Story","Customer area - download yearly statement","Selected for Development","2026-08-20 17:06","Unresolved","","-","-","-","-","-","-","-","-","-","-","-","-","-","-","-","-","-","-","-","-","-","-","-","-","-","-","30.33","-","-","17.70","-","48.04","","","","","","","","","","","","","","","","","","","","","","","","","","","2026-09-07 09:58","","","2026-08-20 17:06","","0","0","0","0","0","0","0","0","0","0","0","0","0","0","0","0","0","0","0","0","0","0","0","0","0","0","1","0","0","1","0"
"PRJ-1034","Task","Trading portal - refactor contact form validation","In Progress","2026-09-16 17:13","Unresolved","","-","-","-","-","-","-","-","-","-","-","-","-","19.11","-","-","-","-","-","-","-","-","-","-","-","-","-","-","-","-","1.93","-","21.03","","","","","","","","","","","","","2026-09-18 15:26","","","","","","","","","","","","","","","","","2026-09-16 17:13","","0","0","0","0","0","0","0","0","0","0","0","0","1","0","0","0","0","0","0","0","0","0","0","0","0","0","0","0","0","1","0"
"PRJ-1035","Bug","Prefill flow - marital status lost after retry","In Review","2026-09-22 10:15","Unresolved","","-","-","-","-","-","-","-","-","-","-","-","-","4.97","8.35","-","-","-","-","-","-","-","-","-","-","-","-","-","-","-","2.00","-","15.32","","","","","","","","","","","","","2026-09-24 10:14","2026-09-29 09:36","","","","","","","","","","","","","","","","2026-09-22 10:15","","0","0","0","0","0","0","0","0","0","0","0","0","1","1","0","0","0","0","0","0","0","0","0","0","0","0","0","0","0","1","0"
"PRJ-1036","Task","Rule engine - new address normalization connector","Developed","2026-08-04 15:03","Unresolved","","-","-","-","-","-","-","2.12","-","-","-","-","-","56.16","-","-","-","-","-","-","-","-","-","-","-","-","-","-","-","-","5.84","-","64.12","","","","","","","2026-10-05 15:09","","","","","","2026-08-10 11:18","","","","","","","","","","","","","","","","","2026-08-04 15:03","","0","0","0","0","0","0","1","0","0","0","0","0","1","0","0","0","0","0","0","0","0","0","0","0","0","0","0","0","0","1","0"
"PRJ-1037","Task","Cross-sell flow - track CTA click events","Ready For Acceptance Test","2026-09-07 17:07","Unresolved","","-","-","-","-","-","-","3.93","-","-","-","-","-","0.07","-","-","-","-","-","-","-","-","-","-","-","9.31","-","-","-","-","16.73","-","30.04","","","","","","","2026-09-24 12:23","","","","","","2026-09-24 10:37","","","","","","","","","","","","2026-09-28 10:35","","","","","2026-09-07 17:07","","0","0","0","0","0","0","1","0","0","0","0","0","1","0","0","0","0","0","0","0","0","0","0","0","1","0","0","0","0","1","0"
"PRJ-1038","Story","Onboarding - digital signature with OTP","In Progress","2026-06-09 10:36","Unresolved","","-","-","-","-","-","-","-","-","-","-","-","-","40.07","-","-","-","-","-","-","-","-","14.94","13.22","-","-","-","-","-","-","52.08","-","120.31","","","","","","","","","","","","","2026-08-28 16:23","","","","","","","","","2026-06-22 15:49","2026-06-09 10:36","","","","","","","2026-07-07 14:29","","0","0","0","0","0","0","0","0","0","0","0","0","1","0","0","0","0","0","0","0","0","1","1","0","0","0","0","0","0","1","0"
"PRJ-1039","Task","Upgrade UI framework to next major version","Ready for PROD","2026-08-28 13:15","Unresolved","","-","-","-","-","-","-","3.91","-","-","-","-","-","16.14","-","-","-","-","-","-","-","-","-","-","-","-","9.13","-","-","-","11.01","-","40.20","","","","","","","2026-09-24 16:56","","","","","","2026-09-08 13:33","","","","","","","","","","","","","2026-09-28 14:46","","","","2026-08-28 13:15","","0","0","0","0","0","0","1","0","0","0","0","0","1","0","0","0","0","0","0","0","0","0","0","0","0","1","0","0","0","1","0"
"PRJ-1040","Bug","Web forms - notes field truncated at 255 chars","Test In Progress","2026-09-28 16:18","Unresolved","","-","-","-","-","-","-","-","-","-","-","-","-","5.77","-","-","-","-","-","-","-","-","-","-","-","-","-","-","2.26","-","1.05","-","9.07","","","","","","","","","","","","","2026-09-29 17:26","","","","","","","","","","","","","","","2026-10-05 11:48","","2026-09-28 16:18","","0","0","0","0","0","0","0","0","0","0","0","0","1","0","0","0","0","0","0","0","0","0","0","0","0","0","0","1","0","1","0"
"PRJ-1041","Analysis","Analysis of consent management requirements","In analisi","2026-09-11 14:09","Unresolved","","-","-","-","-","-","-","-","-","-","-","-","2.12","-","-","-","-","-","-","-","-","-","-","-","-","-","-","-","-","-","24.04","-","26.16","","","","","","","","","","","","2026-10-05 15:02","","","","","","","","","","","","","","","","","","2026-09-11 14:09","","0","0","0","0","0","0","0","0","0","0","0","1","0","0","0","0","0","0","0","0","0","0","0","0","0","0","0","0","0","1","0"
"PRJ-1042","Task","Search - improve accessibility of results list","To Do","2026-04-30 10:48","Unresolved","","-","-","-","-","-","-","-","-","-","-","-","-","-","-","-","-","-","-","-","-","-","-","-","-","-","-","-","-","-","160.30","-","160.30","","","","","","","","","","","","","","","","","","","","","","","","","","","","","","2026-04-30 10:48","","0","0","0","0","0","0","0","0","0","0","0","0","0","0","0","0","0","0","0","0","0","0","0","0","0","0","0","0","0","1","0"
"PRJ-1043","Story","Rewards - show points history","Selected for Development","2026-03-11 17:36","Unresolved","","-","-","-","-","-","-","-","-","-","-","-","-","-","-","-","-","-","-","-","-","-","-","-","-","-","-","50.15","-","-","159.86","-","210.02","","","","","","","","","","","","","","","","","","","","","","","","","","","2026-08-18 14:21","","","2026-03-11 17:36","","0","0","0","0","0","0","0","0","0","0","0","0","0","0","0","0","0","0","0","0","0","0","0","0","0","0","1","0","0","1","0"
"PRJ-1044","Task","Newsletter - old template cleanup","DISCARDED","2026-07-09 14:38","Won't Do","2026-09-01 16:37","-","-","-","-","-","-","-","36.06","-","-","-","-","-","-","-","-","-","-","-","-","-","-","-","-","-","-","-","-","-","54.08","-","90.14","","","","","","","","2026-09-01 16:37","","","","","","","","","","","","","","","","","","","","","","2026-07-09 14:38","","0","0","0","0","0","0","0","1","0","0","0","0","0","0","0","0","0","0","0","0","0","0","0","0","0","0","0","0","0","1","0"
"PRJ-1045","Bug","Menu overlap on tablet - duplicate of mobile fix","Closed","2026-07-29 16:04","Duplicate","2026-09-09 10:17","-","-","-","28.32","-","-","-","-","-","-","-","-","-","-","-","-","-","-","-","-","-","-","-","-","-","-","-","-","-","41.76","-","70.08","","","","2026-09-09 10:17","","","","","","","","","","","","","","","","","","","","","","","","","","2026-07-29 16:04","","0","0","0","1","0","0","0","0","0","0","0","0","0","0","0","0","0","0","0","0","0","0","0","0","0","0","0","0","0","1","0"
"PRJ-1046","Task","Carousel autoplay setting","DISCARDED","2026-08-24 16:44","Won't Do","2026-09-21 10:03","-","-","-","-","-","-","-","16.33","-","-","-","-","-","-","-","-","-","-","-","-","-","-","-","-","-","-","-","-","-","27.72","-","44.05","","","","","","","","2026-09-21 10:03","","","","","","","","","","","","","","","","","","","","","","2026-08-24 16:44","","0","0","0","0","0","0","0","1","0","0","0","0","0","0","0","0","0","0","0","0","0","0","0","0","0","0","0","0","0","1","0"
